sample_id,filename,category,grade,status,intended_defect_pct,sha256,is_synthetic,file_present
syn_tom_a_001,syn_tom_a_001.jpg,grade_a,A,VERIFIED_ON_DISK,0.5,9693849893aaa600defdc648ca9b052b2208472af6751d1a61aded733805b6c8,TRUE,TRUE
syn_tom_a_002,syn_tom_a_002.jpg,grade_a,A,VERIFIED_ON_DISK,1.0,571985f7c735e434775c90e2be6348fea176c00ff141d35d3864647cf8e16f14,TRUE,TRUE
syn_tom_a_003,syn_tom_a_003.jpg,grade_a,A,QUEUED_PENDING_GENERATION_QUOTA,1.5,,TRUE,FALSE
syn_tom_a_004,syn_tom_a_004.jpg,grade_a,A,QUEUED_PENDING_GENERATION_QUOTA,2.0,,TRUE,FALSE
syn_tom_a_005,syn_tom_a_005.jpg,grade_a,A,QUEUED_PENDING_GENERATION_QUOTA,2.5,,TRUE,FALSE
syn_tom_a_006,syn_tom_a_006.jpg,grade_a,A,QUEUED_PENDING_GENERATION_QUOTA,3.0,,TRUE,FALSE
syn_tom_a_007,syn_tom_a_007.jpg,grade_a,A,QUEUED_PENDING_GENERATION_QUOTA,3.5,,TRUE,FALSE
syn_tom_a_008,syn_tom_a_008.jpg,grade_a,A,QUEUED_PENDING_GENERATION_QUOTA,4.0,,TRUE,FALSE
syn_tom_a_009,syn_tom_a_009.jpg,grade_a,A,QUEUED_PENDING_GENERATION_QUOTA,0.5,,TRUE,FALSE
syn_tom_a_010,syn_tom_a_010.jpg,grade_a,A,QUEUED_PENDING_GENERATION_QUOTA,1.0,,TRUE,FALSE
syn_tom_a_011,syn_tom_a_011.jpg,grade_a,A,QUEUED_PENDING_GENERATION_QUOTA,1.5,,TRUE,FALSE
syn_tom_a_012,syn_tom_a_012.jpg,grade_a,A,QUEUED_PENDING_GENERATION_QUOTA,2.0,,TRUE,FALSE
syn_tom_a_013,syn_tom_a_013.jpg,grade_a,A,QUEUED_PENDING_GENERATION_QUOTA,2.5,,TRUE,FALSE
syn_tom_a_014,syn_tom_a_014.jpg,grade_a,A,QUEUED_PENDING_GENERATION_QUOTA,3.0,,TRUE,FALSE
syn_tom_a_015,syn_tom_a_015.jpg,grade_a,A,QUEUED_PENDING_GENERATION_QUOTA,3.5,,TRUE,FALSE
syn_tom_a_016,syn_tom_a_016.jpg,grade_a,A,QUEUED_PENDING_GENERATION_QUOTA,4.0,,TRUE,FALSE
syn_tom_a_017,syn_tom_a_017.jpg,grade_a,A,QUEUED_PENDING_GENERATION_QUOTA,0.5,,TRUE,FALSE
syn_tom_a_018,syn_tom_a_018.jpg,grade_a,A,QUEUED_PENDING_GENERATION_QUOTA,1.0,,TRUE,FALSE
syn_tom_a_019,syn_tom_a_019.jpg,grade_a,A,QUEUED_PENDING_GENERATION_QUOTA,1.5,,TRUE,FALSE
syn_tom_a_020,syn_tom_a_020.jpg,grade_a,A,QUEUED_PENDING_GENERATION_QUOTA,2.0,,TRUE,FALSE
syn_tom_a_021,syn_tom_a_021.jpg,grade_a,A,QUEUED_PENDING_GENERATION_QUOTA,2.5,,TRUE,FALSE
syn_tom_a_022,syn_tom_a_022.jpg,grade_a,A,QUEUED_PENDING_GENERATION_QUOTA,3.0,,TRUE,FALSE
syn_tom_a_023,syn_tom_a_023.jpg,grade_a,A,QUEUED_PENDING_GENERATION_QUOTA,3.5,,TRUE,FALSE
syn_tom_a_024,syn_tom_a_024.jpg,grade_a,A,QUEUED_PENDING_GENERATION_QUOTA,4.0,,TRUE,FALSE
syn_tom_a_025,syn_tom_a_025.jpg,grade_a,A,QUEUED_PENDING_GENERATION_QUOTA,0.5,,TRUE,FALSE
syn_tom_a_026,syn_tom_a_026.jpg,grade_a,A,QUEUED_PENDING_GENERATION_QUOTA,1.0,,TRUE,FALSE
syn_tom_a_027,syn_tom_a_027.jpg,grade_a,A,QUEUED_PENDING_GENERATION_QUOTA,1.5,,TRUE,FALSE
syn_tom_a_028,syn_tom_a_028.jpg,grade_a,A,QUEUED_PENDING_GENERATION_QUOTA,2.0,,TRUE,FALSE
syn_tom_a_029,syn_tom_a_029.jpg,grade_a,A,QUEUED_PENDING_GENERATION_QUOTA,2.5,,TRUE,FALSE
syn_tom_a_030,syn_tom_a_030.jpg,grade_a,A,QUEUED_PENDING_GENERATION_QUOTA,3.0,,TRUE,FALSE
syn_tom_a_031,syn_tom_a_031.jpg,grade_a,A,QUEUED_PENDING_GENERATION_QUOTA,3.5,,TRUE,FALSE
syn_tom_a_032,syn_tom_a_032.jpg,grade_a,A,QUEUED_PENDING_GENERATION_QUOTA,4.0,,TRUE,FALSE
syn_tom_a_033,syn_tom_a_033.jpg,grade_a,A,QUEUED_PENDING_GENERATION_QUOTA,0.5,,TRUE,FALSE
syn_tom_a_034,syn_tom_a_034.jpg,grade_a,A,QUEUED_PENDING_GENERATION_QUOTA,1.0,,TRUE,FALSE
syn_tom_a_035,syn_tom_a_035.jpg,grade_a,A,QUEUED_PENDING_GENERATION_QUOTA,1.5,,TRUE,FALSE
syn_tom_a_036,syn_tom_a_036.jpg,grade_a,A,QUEUED_PENDING_GENERATION_QUOTA,2.0,,TRUE,FALSE
syn_tom_a_037,syn_tom_a_037.jpg,grade_a,A,QUEUED_PENDING_GENERATION_QUOTA,2.5,,TRUE,FALSE
syn_tom_a_038,syn_tom_a_038.jpg,grade_a,A,QUEUED_PENDING_GENERATION_QUOTA,3.0,,TRUE,FALSE
syn_tom_a_039,syn_tom_a_039.jpg,grade_a,A,QUEUED_PENDING_GENERATION_QUOTA,3.5,,TRUE,FALSE
syn_tom_a_040,syn_tom_a_040.jpg,grade_a,A,QUEUED_PENDING_GENERATION_QUOTA,4.0,,TRUE,FALSE
syn_tom_a_041,syn_tom_a_041.jpg,grade_a,A,QUEUED_PENDING_GENERATION_QUOTA,0.5,,TRUE,FALSE
syn_tom_a_042,syn_tom_a_042.jpg,grade_a,A,QUEUED_PENDING_GENERATION_QUOTA,1.0,,TRUE,FALSE
syn_tom_a_043,syn_tom_a_043.jpg,grade_a,A,QUEUED_PENDING_GENERATION_QUOTA,1.5,,TRUE,FALSE
syn_tom_a_044,syn_tom_a_044.jpg,grade_a,A,QUEUED_PENDING_GENERATION_QUOTA,2.0,,TRUE,FALSE
syn_tom_a_045,syn_tom_a_045.jpg,grade_a,A,QUEUED_PENDING_GENERATION_QUOTA,2.5,,TRUE,FALSE
syn_tom_a_046,syn_tom_a_046.jpg,grade_a,A,QUEUED_PENDING_GENERATION_QUOTA,3.0,,TRUE,FALSE
syn_tom_a_047,syn_tom_a_047.jpg,grade_a,A,QUEUED_PENDING_GENERATION_QUOTA,3.5,,TRUE,FALSE
syn_tom_a_048,syn_tom_a_048.jpg,grade_a,A,QUEUED_PENDING_GENERATION_QUOTA,4.0,,TRUE,FALSE
syn_tom_a_049,syn_tom_a_049.jpg,grade_a,A,QUEUED_PENDING_GENERATION_QUOTA,0.5,,TRUE,FALSE
syn_tom_a_050,syn_tom_a_050.jpg,grade_a,A,QUEUED_PENDING_GENERATION_QUOTA,1.0,,TRUE,FALSE
syn_tom_a_051,syn_tom_a_051.jpg,grade_a,A,QUEUED_PENDING_GENERATION_QUOTA,1.5,,TRUE,FALSE
syn_tom_a_052,syn_tom_a_052.jpg,grade_a,A,QUEUED_PENDING_GENERATION_QUOTA,2.0,,TRUE,FALSE
syn_tom_a_053,syn_tom_a_053.jpg,grade_a,A,QUEUED_PENDING_GENERATION_QUOTA,2.5,,TRUE,FALSE
syn_tom_a_054,syn_tom_a_054.jpg,grade_a,A,QUEUED_PENDING_GENERATION_QUOTA,3.0,,TRUE,FALSE
syn_tom_a_055,syn_tom_a_055.jpg,grade_a,A,QUEUED_PENDING_GENERATION_QUOTA,3.5,,TRUE,FALSE
syn_tom_a_056,syn_tom_a_056.jpg,grade_a,A,QUEUED_PENDING_GENERATION_QUOTA,4.0,,TRUE,FALSE
syn_tom_a_057,syn_tom_a_057.jpg,grade_a,A,QUEUED_PENDING_GENERATION_QUOTA,0.5,,TRUE,FALSE
syn_tom_a_058,syn_tom_a_058.jpg,grade_a,A,QUEUED_PENDING_GENERATION_QUOTA,1.0,,TRUE,FALSE
syn_tom_a_059,syn_tom_a_059.jpg,grade_a,A,QUEUED_PENDING_GENERATION_QUOTA,1.5,,TRUE,FALSE
syn_tom_a_060,syn_tom_a_060.jpg,grade_a,A,QUEUED_PENDING_GENERATION_QUOTA,2.0,,TRUE,FALSE
syn_tom_a_061,syn_tom_a_061.jpg,grade_a,A,QUEUED_PENDING_GENERATION_QUOTA,2.5,,TRUE,FALSE
syn_tom_a_062,syn_tom_a_062.jpg,grade_a,A,QUEUED_PENDING_GENERATION_QUOTA,3.0,,TRUE,FALSE
syn_tom_a_063,syn_tom_a_063.jpg,grade_a,A,QUEUED_PENDING_GENERATION_QUOTA,3.5,,TRUE,FALSE
syn_tom_a_064,syn_tom_a_064.jpg,grade_a,A,QUEUED_PENDING_GENERATION_QUOTA,4.0,,TRUE,FALSE
syn_tom_a_065,syn_tom_a_065.jpg,grade_a,A,QUEUED_PENDING_GENERATION_QUOTA,0.5,,TRUE,FALSE
syn_tom_a_066,syn_tom_a_066.jpg,grade_a,A,QUEUED_PENDING_GENERATION_QUOTA,1.0,,TRUE,FALSE
syn_tom_a_067,syn_tom_a_067.jpg,grade_a,A,QUEUED_PENDING_GENERATION_QUOTA,1.5,,TRUE,FALSE
syn_tom_a_068,syn_tom_a_068.jpg,grade_a,A,QUEUED_PENDING_GENERATION_QUOTA,2.0,,TRUE,FALSE
syn_tom_a_069,syn_tom_a_069.jpg,grade_a,A,QUEUED_PENDING_GENERATION_QUOTA,2.5,,TRUE,FALSE
syn_tom_a_070,syn_tom_a_070.jpg,grade_a,A,QUEUED_PENDING_GENERATION_QUOTA,3.0,,TRUE,FALSE
syn_tom_a_071,syn_tom_a_071.jpg,grade_a,A,QUEUED_PENDING_GENERATION_QUOTA,3.5,,TRUE,FALSE
syn_tom_a_072,syn_tom_a_072.jpg,grade_a,A,QUEUED_PENDING_GENERATION_QUOTA,4.0,,TRUE,FALSE
syn_tom_a_073,syn_tom_a_073.jpg,grade_a,A,QUEUED_PENDING_GENERATION_QUOTA,0.5,,TRUE,FALSE
syn_tom_a_074,syn_tom_a_074.jpg,grade_a,A,QUEUED_PENDING_GENERATION_QUOTA,1.0,,TRUE,FALSE
syn_tom_a_075,syn_tom_a_075.jpg,grade_a,A,QUEUED_PENDING_GENERATION_QUOTA,1.5,,TRUE,FALSE
syn_tom_a_076,syn_tom_a_076.jpg,grade_a,A,QUEUED_PENDING_GENERATION_QUOTA,2.0,,TRUE,FALSE
syn_tom_a_077,syn_tom_a_077.jpg,grade_a,A,QUEUED_PENDING_GENERATION_QUOTA,2.5,,TRUE,FALSE
syn_tom_a_078,syn_tom_a_078.jpg,grade_a,A,QUEUED_PENDING_GENERATION_QUOTA,3.0,,TRUE,FALSE
syn_tom_a_079,syn_tom_a_079.jpg,grade_a,A,QUEUED_PENDING_GENERATION_QUOTA,3.5,,TRUE,FALSE
syn_tom_a_080,syn_tom_a_080.jpg,grade_a,A,QUEUED_PENDING_GENERATION_QUOTA,4.0,,TRUE,FALSE
syn_tom_a_081,syn_tom_a_081.jpg,grade_a,A,QUEUED_PENDING_GENERATION_QUOTA,0.5,,TRUE,FALSE
syn_tom_a_082,syn_tom_a_082.jpg,grade_a,A,QUEUED_PENDING_GENERATION_QUOTA,1.0,,TRUE,FALSE
syn_tom_a_083,syn_tom_a_083.jpg,grade_a,A,QUEUED_PENDING_GENERATION_QUOTA,1.5,,TRUE,FALSE
syn_tom_a_084,syn_tom_a_084.jpg,grade_a,A,QUEUED_PENDING_GENERATION_QUOTA,2.0,,TRUE,FALSE
syn_tom_a_085,syn_tom_a_085.jpg,grade_a,A,QUEUED_PENDING_GENERATION_QUOTA,2.5,,TRUE,FALSE
syn_tom_a_086,syn_tom_a_086.jpg,grade_a,A,QUEUED_PENDING_GENERATION_QUOTA,3.0,,TRUE,FALSE
syn_tom_a_087,syn_tom_a_087.jpg,grade_a,A,QUEUED_PENDING_GENERATION_QUOTA,3.5,,TRUE,FALSE
syn_tom_a_088,syn_tom_a_088.jpg,grade_a,A,QUEUED_PENDING_GENERATION_QUOTA,4.0,,TRUE,FALSE
syn_tom_a_089,syn_tom_a_089.jpg,grade_a,A,QUEUED_PENDING_GENERATION_QUOTA,0.5,,TRUE,FALSE
syn_tom_a_090,syn_tom_a_090.jpg,grade_a,A,QUEUED_PENDING_GENERATION_QUOTA,1.0,,TRUE,FALSE
syn_tom_a_091,syn_tom_a_091.jpg,grade_a,A,QUEUED_PENDING_GENERATION_QUOTA,1.5,,TRUE,FALSE
syn_tom_a_092,syn_tom_a_092.jpg,grade_a,A,QUEUED_PENDING_GENERATION_QUOTA,2.0,,TRUE,FALSE
syn_tom_a_093,syn_tom_a_093.jpg,grade_a,A,QUEUED_PENDING_GENERATION_QUOTA,2.5,,TRUE,FALSE
syn_tom_a_094,syn_tom_a_094.jpg,grade_a,A,QUEUED_PENDING_GENERATION_QUOTA,3.0,,TRUE,FALSE
syn_tom_a_095,syn_tom_a_095.jpg,grade_a,A,QUEUED_PENDING_GENERATION_QUOTA,3.5,,TRUE,FALSE
syn_tom_a_096,syn_tom_a_096.jpg,grade_a,A,QUEUED_PENDING_GENERATION_QUOTA,4.0,,TRUE,FALSE
syn_tom_a_097,syn_tom_a_097.jpg,grade_a,A,QUEUED_PENDING_GENERATION_QUOTA,0.5,,TRUE,FALSE
syn_tom_a_098,syn_tom_a_098.jpg,grade_a,A,QUEUED_PENDING_GENERATION_QUOTA,1.0,,TRUE,FALSE
syn_tom_a_099,syn_tom_a_099.jpg,grade_a,A,QUEUED_PENDING_GENERATION_QUOTA,1.5,,TRUE,FALSE
syn_tom_a_100,syn_tom_a_100.jpg,grade_a,A,QUEUED_PENDING_GENERATION_QUOTA,2.0,,TRUE,FALSE
syn_tom_b_001,syn_tom_b_001.jpg,grade_b,B,VERIFIED_ON_DISK,6.0,b8b5abf262e28114d14fdae42ec39069eed3faa3e0f14b9e48b6cd4368787d13,TRUE,TRUE
syn_tom_b_002,syn_tom_b_002.jpg,grade_b,B,QUEUED_PENDING_GENERATION_QUOTA,6.9,,TRUE,FALSE
syn_tom_b_003,syn_tom_b_003.jpg,grade_b,B,QUEUED_PENDING_GENERATION_QUOTA,7.8,,TRUE,FALSE
syn_tom_b_004,syn_tom_b_004.jpg,grade_b,B,QUEUED_PENDING_GENERATION_QUOTA,8.7,,TRUE,FALSE
syn_tom_b_005,syn_tom_b_005.jpg,grade_b,B,QUEUED_PENDING_GENERATION_QUOTA,9.6,,TRUE,FALSE
syn_tom_b_006,syn_tom_b_006.jpg,grade_b,B,QUEUED_PENDING_GENERATION_QUOTA,10.5,,TRUE,FALSE
syn_tom_b_007,syn_tom_b_007.jpg,grade_b,B,QUEUED_PENDING_GENERATION_QUOTA,11.4,,TRUE,FALSE
syn_tom_b_008,syn_tom_b_008.jpg,grade_b,B,QUEUED_PENDING_GENERATION_QUOTA,12.3,,TRUE,FALSE
syn_tom_b_009,syn_tom_b_009.jpg,grade_b,B,QUEUED_PENDING_GENERATION_QUOTA,13.2,,TRUE,FALSE
syn_tom_b_010,syn_tom_b_010.jpg,grade_b,B,QUEUED_PENDING_GENERATION_QUOTA,6.0,,TRUE,FALSE
syn_tom_b_011,syn_tom_b_011.jpg,grade_b,B,QUEUED_PENDING_GENERATION_QUOTA,6.9,,TRUE,FALSE
syn_tom_b_012,syn_tom_b_012.jpg,grade_b,B,QUEUED_PENDING_GENERATION_QUOTA,7.8,,TRUE,FALSE
syn_tom_b_013,syn_tom_b_013.jpg,grade_b,B,QUEUED_PENDING_GENERATION_QUOTA,8.7,,TRUE,FALSE
syn_tom_b_014,syn_tom_b_014.jpg,grade_b,B,QUEUED_PENDING_GENERATION_QUOTA,9.6,,TRUE,FALSE
syn_tom_b_015,syn_tom_b_015.jpg,grade_b,B,QUEUED_PENDING_GENERATION_QUOTA,10.5,,TRUE,FALSE
syn_tom_b_016,syn_tom_b_016.jpg,grade_b,B,QUEUED_PENDING_GENERATION_QUOTA,11.4,,TRUE,FALSE
syn_tom_b_017,syn_tom_b_017.jpg,grade_b,B,QUEUED_PENDING_GENERATION_QUOTA,12.3,,TRUE,FALSE
syn_tom_b_018,syn_tom_b_018.jpg,grade_b,B,QUEUED_PENDING_GENERATION_QUOTA,13.2,,TRUE,FALSE
syn_tom_b_019,syn_tom_b_019.jpg,grade_b,B,QUEUED_PENDING_GENERATION_QUOTA,6.0,,TRUE,FALSE
syn_tom_b_020,syn_tom_b_020.jpg,grade_b,B,QUEUED_PENDING_GENERATION_QUOTA,6.9,,TRUE,FALSE
syn_tom_b_021,syn_tom_b_021.jpg,grade_b,B,QUEUED_PENDING_GENERATION_QUOTA,7.8,,TRUE,FALSE
syn_tom_b_022,syn_tom_b_022.jpg,grade_b,B,QUEUED_PENDING_GENERATION_QUOTA,8.7,,TRUE,FALSE
syn_tom_b_023,syn_tom_b_023.jpg,grade_b,B,QUEUED_PENDING_GENERATION_QUOTA,9.6,,TRUE,FALSE
syn_tom_b_024,syn_tom_b_024.jpg,grade_b,B,QUEUED_PENDING_GENERATION_QUOTA,10.5,,TRUE,FALSE
syn_tom_b_025,syn_tom_b_025.jpg,grade_b,B,QUEUED_PENDING_GENERATION_QUOTA,11.4,,TRUE,FALSE
syn_tom_b_026,syn_tom_b_026.jpg,grade_b,B,QUEUED_PENDING_GENERATION_QUOTA,12.3,,TRUE,FALSE
syn_tom_b_027,syn_tom_b_027.jpg,grade_b,B,QUEUED_PENDING_GENERATION_QUOTA,13.2,,TRUE,FALSE
syn_tom_b_028,syn_tom_b_028.jpg,grade_b,B,QUEUED_PENDING_GENERATION_QUOTA,6.0,,TRUE,FALSE
syn_tom_b_029,syn_tom_b_029.jpg,grade_b,B,QUEUED_PENDING_GENERATION_QUOTA,6.9,,TRUE,FALSE
syn_tom_b_030,syn_tom_b_030.jpg,grade_b,B,QUEUED_PENDING_GENERATION_QUOTA,7.8,,TRUE,FALSE
syn_tom_b_031,syn_tom_b_031.jpg,grade_b,B,QUEUED_PENDING_GENERATION_QUOTA,8.7,,TRUE,FALSE
syn_tom_b_032,syn_tom_b_032.jpg,grade_b,B,QUEUED_PENDING_GENERATION_QUOTA,9.6,,TRUE,FALSE
syn_tom_b_033,syn_tom_b_033.jpg,grade_b,B,QUEUED_PENDING_GENERATION_QUOTA,10.5,,TRUE,FALSE
syn_tom_b_034,syn_tom_b_034.jpg,grade_b,B,QUEUED_PENDING_GENERATION_QUOTA,11.4,,TRUE,FALSE
syn_tom_b_035,syn_tom_b_035.jpg,grade_b,B,QUEUED_PENDING_GENERATION_QUOTA,12.3,,TRUE,FALSE
syn_tom_b_036,syn_tom_b_036.jpg,grade_b,B,QUEUED_PENDING_GENERATION_QUOTA,13.2,,TRUE,FALSE
syn_tom_b_037,syn_tom_b_037.jpg,grade_b,B,QUEUED_PENDING_GENERATION_QUOTA,6.0,,TRUE,FALSE
syn_tom_b_038,syn_tom_b_038.jpg,grade_b,B,QUEUED_PENDING_GENERATION_QUOTA,6.9,,TRUE,FALSE
syn_tom_b_039,syn_tom_b_039.jpg,grade_b,B,QUEUED_PENDING_GENERATION_QUOTA,7.8,,TRUE,FALSE
syn_tom_b_040,syn_tom_b_040.jpg,grade_b,B,QUEUED_PENDING_GENERATION_QUOTA,8.7,,TRUE,FALSE
syn_tom_b_041,syn_tom_b_041.jpg,grade_b,B,QUEUED_PENDING_GENERATION_QUOTA,9.6,,TRUE,FALSE
syn_tom_b_042,syn_tom_b_042.jpg,grade_b,B,QUEUED_PENDING_GENERATION_QUOTA,10.5,,TRUE,FALSE
syn_tom_b_043,syn_tom_b_043.jpg,grade_b,B,QUEUED_PENDING_GENERATION_QUOTA,11.4,,TRUE,FALSE
syn_tom_b_044,syn_tom_b_044.jpg,grade_b,B,QUEUED_PENDING_GENERATION_QUOTA,12.3,,TRUE,FALSE
syn_tom_b_045,syn_tom_b_045.jpg,grade_b,B,QUEUED_PENDING_GENERATION_QUOTA,13.2,,TRUE,FALSE
syn_tom_b_046,syn_tom_b_046.jpg,grade_b,B,QUEUED_PENDING_GENERATION_QUOTA,6.0,,TRUE,FALSE
syn_tom_b_047,syn_tom_b_047.jpg,grade_b,B,QUEUED_PENDING_GENERATION_QUOTA,6.9,,TRUE,FALSE
syn_tom_b_048,syn_tom_b_048.jpg,grade_b,B,QUEUED_PENDING_GENERATION_QUOTA,7.8,,TRUE,FALSE
syn_tom_b_049,syn_tom_b_049.jpg,grade_b,B,QUEUED_PENDING_GENERATION_QUOTA,8.7,,TRUE,FALSE
syn_tom_b_050,syn_tom_b_050.jpg,grade_b,B,QUEUED_PENDING_GENERATION_QUOTA,9.6,,TRUE,FALSE
syn_tom_b_051,syn_tom_b_051.jpg,grade_b,B,QUEUED_PENDING_GENERATION_QUOTA,10.5,,TRUE,FALSE
syn_tom_b_052,syn_tom_b_052.jpg,grade_b,B,QUEUED_PENDING_GENERATION_QUOTA,11.4,,TRUE,FALSE
syn_tom_b_053,syn_tom_b_053.jpg,grade_b,B,QUEUED_PENDING_GENERATION_QUOTA,12.3,,TRUE,FALSE
syn_tom_b_054,syn_tom_b_054.jpg,grade_b,B,QUEUED_PENDING_GENERATION_QUOTA,13.2,,TRUE,FALSE
syn_tom_b_055,syn_tom_b_055.jpg,grade_b,B,QUEUED_PENDING_GENERATION_QUOTA,6.0,,TRUE,FALSE
syn_tom_b_056,syn_tom_b_056.jpg,grade_b,B,QUEUED_PENDING_GENERATION_QUOTA,6.9,,TRUE,FALSE
syn_tom_b_057,syn_tom_b_057.jpg,grade_b,B,QUEUED_PENDING_GENERATION_QUOTA,7.8,,TRUE,FALSE
syn_tom_b_058,syn_tom_b_058.jpg,grade_b,B,QUEUED_PENDING_GENERATION_QUOTA,8.7,,TRUE,FALSE
syn_tom_b_059,syn_tom_b_059.jpg,grade_b,B,QUEUED_PENDING_GENERATION_QUOTA,9.6,,TRUE,FALSE
syn_tom_b_060,syn_tom_b_060.jpg,grade_b,B,QUEUED_PENDING_GENERATION_QUOTA,10.5,,TRUE,FALSE
syn_tom_b_061,syn_tom_b_061.jpg,grade_b,B,QUEUED_PENDING_GENERATION_QUOTA,11.4,,TRUE,FALSE
syn_tom_b_062,syn_tom_b_062.jpg,grade_b,B,QUEUED_PENDING_GENERATION_QUOTA,12.3,,TRUE,FALSE
syn_tom_b_063,syn_tom_b_063.jpg,grade_b,B,QUEUED_PENDING_GENERATION_QUOTA,13.2,,TRUE,FALSE
syn_tom_b_064,syn_tom_b_064.jpg,grade_b,B,QUEUED_PENDING_GENERATION_QUOTA,6.0,,TRUE,FALSE
syn_tom_b_065,syn_tom_b_065.jpg,grade_b,B,QUEUED_PENDING_GENERATION_QUOTA,6.9,,TRUE,FALSE
syn_tom_b_066,syn_tom_b_066.jpg,grade_b,B,QUEUED_PENDING_GENERATION_QUOTA,7.8,,TRUE,FALSE
syn_tom_b_067,syn_tom_b_067.jpg,grade_b,B,QUEUED_PENDING_GENERATION_QUOTA,8.7,,TRUE,FALSE
syn_tom_b_068,syn_tom_b_068.jpg,grade_b,B,QUEUED_PENDING_GENERATION_QUOTA,9.6,,TRUE,FALSE
syn_tom_b_069,syn_tom_b_069.jpg,grade_b,B,QUEUED_PENDING_GENERATION_QUOTA,10.5,,TRUE,FALSE
syn_tom_b_070,syn_tom_b_070.jpg,grade_b,B,QUEUED_PENDING_GENERATION_QUOTA,11.4,,TRUE,FALSE
syn_tom_b_071,syn_tom_b_071.jpg,grade_b,B,QUEUED_PENDING_GENERATION_QUOTA,12.3,,TRUE,FALSE
syn_tom_b_072,syn_tom_b_072.jpg,grade_b,B,QUEUED_PENDING_GENERATION_QUOTA,13.2,,TRUE,FALSE
syn_tom_b_073,syn_tom_b_073.jpg,grade_b,B,QUEUED_PENDING_GENERATION_QUOTA,6.0,,TRUE,FALSE
syn_tom_b_074,syn_tom_b_074.jpg,grade_b,B,QUEUED_PENDING_GENERATION_QUOTA,6.9,,TRUE,FALSE
syn_tom_b_075,syn_tom_b_075.jpg,grade_b,B,QUEUED_PENDING_GENERATION_QUOTA,7.8,,TRUE,FALSE
syn_tom_b_076,syn_tom_b_076.jpg,grade_b,B,QUEUED_PENDING_GENERATION_QUOTA,8.7,,TRUE,FALSE
syn_tom_b_077,syn_tom_b_077.jpg,grade_b,B,QUEUED_PENDING_GENERATION_QUOTA,9.6,,TRUE,FALSE
syn_tom_b_078,syn_tom_b_078.jpg,grade_b,B,QUEUED_PENDING_GENERATION_QUOTA,10.5,,TRUE,FALSE
syn_tom_b_079,syn_tom_b_079.jpg,grade_b,B,QUEUED_PENDING_GENERATION_QUOTA,11.4,,TRUE,FALSE
syn_tom_b_080,syn_tom_b_080.jpg,grade_b,B,QUEUED_PENDING_GENERATION_QUOTA,12.3,,TRUE,FALSE
syn_tom_b_081,syn_tom_b_081.jpg,grade_b,B,QUEUED_PENDING_GENERATION_QUOTA,13.2,,TRUE,FALSE
syn_tom_b_082,syn_tom_b_082.jpg,grade_b,B,QUEUED_PENDING_GENERATION_QUOTA,6.0,,TRUE,FALSE
syn_tom_b_083,syn_tom_b_083.jpg,grade_b,B,QUEUED_PENDING_GENERATION_QUOTA,6.9,,TRUE,FALSE
syn_tom_b_084,syn_tom_b_084.jpg,grade_b,B,QUEUED_PENDING_GENERATION_QUOTA,7.8,,TRUE,FALSE
syn_tom_b_085,syn_tom_b_085.jpg,grade_b,B,QUEUED_PENDING_GENERATION_QUOTA,8.7,,TRUE,FALSE
syn_tom_b_086,syn_tom_b_086.jpg,grade_b,B,QUEUED_PENDING_GENERATION_QUOTA,9.6,,TRUE,FALSE
syn_tom_b_087,syn_tom_b_087.jpg,grade_b,B,QUEUED_PENDING_GENERATION_QUOTA,10.5,,TRUE,FALSE
syn_tom_b_088,syn_tom_b_088.jpg,grade_b,B,QUEUED_PENDING_GENERATION_QUOTA,11.4,,TRUE,FALSE
syn_tom_b_089,syn_tom_b_089.jpg,grade_b,B,QUEUED_PENDING_GENERATION_QUOTA,12.3,,TRUE,FALSE
syn_tom_b_090,syn_tom_b_090.jpg,grade_b,B,QUEUED_PENDING_GENERATION_QUOTA,13.2,,TRUE,FALSE
syn_tom_b_091,syn_tom_b_091.jpg,grade_b,B,QUEUED_PENDING_GENERATION_QUOTA,6.0,,TRUE,FALSE
syn_tom_b_092,syn_tom_b_092.jpg,grade_b,B,QUEUED_PENDING_GENERATION_QUOTA,6.9,,TRUE,FALSE
syn_tom_b_093,syn_tom_b_093.jpg,grade_b,B,QUEUED_PENDING_GENERATION_QUOTA,7.8,,TRUE,FALSE
syn_tom_b_094,syn_tom_b_094.jpg,grade_b,B,QUEUED_PENDING_GENERATION_QUOTA,8.7,,TRUE,FALSE
syn_tom_b_095,syn_tom_b_095.jpg,grade_b,B,QUEUED_PENDING_GENERATION_QUOTA,9.6,,TRUE,FALSE
syn_tom_b_096,syn_tom_b_096.jpg,grade_b,B,QUEUED_PENDING_GENERATION_QUOTA,10.5,,TRUE,FALSE
syn_tom_b_097,syn_tom_b_097.jpg,grade_b,B,QUEUED_PENDING_GENERATION_QUOTA,11.4,,TRUE,FALSE
syn_tom_b_098,syn_tom_b_098.jpg,grade_b,B,QUEUED_PENDING_GENERATION_QUOTA,12.3,,TRUE,FALSE
syn_tom_b_099,syn_tom_b_099.jpg,grade_b,B,QUEUED_PENDING_GENERATION_QUOTA,13.2,,TRUE,FALSE
syn_tom_b_100,syn_tom_b_100.jpg,grade_b,B,QUEUED_PENDING_GENERATION_QUOTA,6.0,,TRUE,FALSE
syn_tom_c_001,syn_tom_c_001.jpg,grade_c,C,VERIFIED_ON_DISK,16.0,26a5b2545c4aa72d8b10e898ae9b82df26adba58418dc565998da483c5acc3de,TRUE,TRUE
syn_tom_c_002,syn_tom_c_002.jpg,grade_c,C,QUEUED_PENDING_GENERATION_QUOTA,17.5,,TRUE,FALSE
syn_tom_c_003,syn_tom_c_003.jpg,grade_c,C,QUEUED_PENDING_GENERATION_QUOTA,19.0,,TRUE,FALSE
syn_tom_c_004,syn_tom_c_004.jpg,grade_c,C,QUEUED_PENDING_GENERATION_QUOTA,20.5,,TRUE,FALSE
syn_tom_c_005,syn_tom_c_005.jpg,grade_c,C,QUEUED_PENDING_GENERATION_QUOTA,22.0,,TRUE,FALSE
syn_tom_c_006,syn_tom_c_006.jpg,grade_c,C,QUEUED_PENDING_GENERATION_QUOTA,23.5,,TRUE,FALSE
syn_tom_c_007,syn_tom_c_007.jpg,grade_c,C,QUEUED_PENDING_GENERATION_QUOTA,25.0,,TRUE,FALSE
syn_tom_c_008,syn_tom_c_008.jpg,grade_c,C,QUEUED_PENDING_GENERATION_QUOTA,26.5,,TRUE,FALSE
syn_tom_c_009,syn_tom_c_009.jpg,grade_c,C,QUEUED_PENDING_GENERATION_QUOTA,28.0,,TRUE,FALSE
syn_tom_c_010,syn_tom_c_010.jpg,grade_c,C,QUEUED_PENDING_GENERATION_QUOTA,29.5,,TRUE,FALSE
syn_tom_c_011,syn_tom_c_011.jpg,grade_c,C,QUEUED_PENDING_GENERATION_QUOTA,31.0,,TRUE,FALSE
syn_tom_c_012,syn_tom_c_012.jpg,grade_c,C,QUEUED_PENDING_GENERATION_QUOTA,32.5,,TRUE,FALSE
syn_tom_c_013,syn_tom_c_013.jpg,grade_c,C,QUEUED_PENDING_GENERATION_QUOTA,16.0,,TRUE,FALSE
syn_tom_c_014,syn_tom_c_014.jpg,grade_c,C,QUEUED_PENDING_GENERATION_QUOTA,17.5,,TRUE,FALSE
syn_tom_c_015,syn_tom_c_015.jpg,grade_c,C,QUEUED_PENDING_GENERATION_QUOTA,19.0,,TRUE,FALSE
syn_tom_c_016,syn_tom_c_016.jpg,grade_c,C,QUEUED_PENDING_GENERATION_QUOTA,20.5,,TRUE,FALSE
syn_tom_c_017,syn_tom_c_017.jpg,grade_c,C,QUEUED_PENDING_GENERATION_QUOTA,22.0,,TRUE,FALSE
syn_tom_c_018,syn_tom_c_018.jpg,grade_c,C,QUEUED_PENDING_GENERATION_QUOTA,23.5,,TRUE,FALSE
syn_tom_c_019,syn_tom_c_019.jpg,grade_c,C,QUEUED_PENDING_GENERATION_QUOTA,25.0,,TRUE,FALSE
syn_tom_c_020,syn_tom_c_020.jpg,grade_c,C,QUEUED_PENDING_GENERATION_QUOTA,26.5,,TRUE,FALSE
syn_tom_c_021,syn_tom_c_021.jpg,grade_c,C,QUEUED_PENDING_GENERATION_QUOTA,28.0,,TRUE,FALSE
syn_tom_c_022,syn_tom_c_022.jpg,grade_c,C,QUEUED_PENDING_GENERATION_QUOTA,29.5,,TRUE,FALSE
syn_tom_c_023,syn_tom_c_023.jpg,grade_c,C,QUEUED_PENDING_GENERATION_QUOTA,31.0,,TRUE,FALSE
syn_tom_c_024,syn_tom_c_024.jpg,grade_c,C,QUEUED_PENDING_GENERATION_QUOTA,32.5,,TRUE,FALSE
syn_tom_c_025,syn_tom_c_025.jpg,grade_c,C,QUEUED_PENDING_GENERATION_QUOTA,16.0,,TRUE,FALSE
syn_tom_c_026,syn_tom_c_026.jpg,grade_c,C,QUEUED_PENDING_GENERATION_QUOTA,17.5,,TRUE,FALSE
syn_tom_c_027,syn_tom_c_027.jpg,grade_c,C,QUEUED_PENDING_GENERATION_QUOTA,19.0,,TRUE,FALSE
syn_tom_c_028,syn_tom_c_028.jpg,grade_c,C,QUEUED_PENDING_GENERATION_QUOTA,20.5,,TRUE,FALSE
syn_tom_c_029,syn_tom_c_029.jpg,grade_c,C,QUEUED_PENDING_GENERATION_QUOTA,22.0,,TRUE,FALSE
syn_tom_c_030,syn_tom_c_030.jpg,grade_c,C,QUEUED_PENDING_GENERATION_QUOTA,23.5,,TRUE,FALSE
syn_tom_c_031,syn_tom_c_031.jpg,grade_c,C,QUEUED_PENDING_GENERATION_QUOTA,25.0,,TRUE,FALSE
syn_tom_c_032,syn_tom_c_032.jpg,grade_c,C,QUEUED_PENDING_GENERATION_QUOTA,26.5,,TRUE,FALSE
syn_tom_c_033,syn_tom_c_033.jpg,grade_c,C,QUEUED_PENDING_GENERATION_QUOTA,28.0,,TRUE,FALSE
syn_tom_c_034,syn_tom_c_034.jpg,grade_c,C,QUEUED_PENDING_GENERATION_QUOTA,29.5,,TRUE,FALSE
syn_tom_c_035,syn_tom_c_035.jpg,grade_c,C,QUEUED_PENDING_GENERATION_QUOTA,31.0,,TRUE,FALSE
syn_tom_c_036,syn_tom_c_036.jpg,grade_c,C,QUEUED_PENDING_GENERATION_QUOTA,32.5,,TRUE,FALSE
syn_tom_c_037,syn_tom_c_037.jpg,grade_c,C,QUEUED_PENDING_GENERATION_QUOTA,16.0,,TRUE,FALSE
syn_tom_c_038,syn_tom_c_038.jpg,grade_c,C,QUEUED_PENDING_GENERATION_QUOTA,17.5,,TRUE,FALSE
syn_tom_c_039,syn_tom_c_039.jpg,grade_c,C,QUEUED_PENDING_GENERATION_QUOTA,19.0,,TRUE,FALSE
syn_tom_c_040,syn_tom_c_040.jpg,grade_c,C,QUEUED_PENDING_GENERATION_QUOTA,20.5,,TRUE,FALSE
syn_tom_c_041,syn_tom_c_041.jpg,grade_c,C,QUEUED_PENDING_GENERATION_QUOTA,22.0,,TRUE,FALSE
syn_tom_c_042,syn_tom_c_042.jpg,grade_c,C,QUEUED_PENDING_GENERATION_QUOTA,23.5,,TRUE,FALSE
syn_tom_c_043,syn_tom_c_043.jpg,grade_c,C,QUEUED_PENDING_GENERATION_QUOTA,25.0,,TRUE,FALSE
syn_tom_c_044,syn_tom_c_044.jpg,grade_c,C,QUEUED_PENDING_GENERATION_QUOTA,26.5,,TRUE,FALSE
syn_tom_c_045,syn_tom_c_045.jpg,grade_c,C,QUEUED_PENDING_GENERATION_QUOTA,28.0,,TRUE,FALSE
syn_tom_c_046,syn_tom_c_046.jpg,grade_c,C,QUEUED_PENDING_GENERATION_QUOTA,29.5,,TRUE,FALSE
syn_tom_c_047,syn_tom_c_047.jpg,grade_c,C,QUEUED_PENDING_GENERATION_QUOTA,31.0,,TRUE,FALSE
syn_tom_c_048,syn_tom_c_048.jpg,grade_c,C,QUEUED_PENDING_GENERATION_QUOTA,32.5,,TRUE,FALSE
syn_tom_c_049,syn_tom_c_049.jpg,grade_c,C,QUEUED_PENDING_GENERATION_QUOTA,16.0,,TRUE,FALSE
syn_tom_c_050,syn_tom_c_050.jpg,grade_c,C,QUEUED_PENDING_GENERATION_QUOTA,17.5,,TRUE,FALSE
syn_tom_c_051,syn_tom_c_051.jpg,grade_c,C,QUEUED_PENDING_GENERATION_QUOTA,19.0,,TRUE,FALSE
syn_tom_c_052,syn_tom_c_052.jpg,grade_c,C,QUEUED_PENDING_GENERATION_QUOTA,20.5,,TRUE,FALSE
syn_tom_c_053,syn_tom_c_053.jpg,grade_c,C,QUEUED_PENDING_GENERATION_QUOTA,22.0,,TRUE,FALSE
syn_tom_c_054,syn_tom_c_054.jpg,grade_c,C,QUEUED_PENDING_GENERATION_QUOTA,23.5,,TRUE,FALSE
syn_tom_c_055,syn_tom_c_055.jpg,grade_c,C,QUEUED_PENDING_GENERATION_QUOTA,25.0,,TRUE,FALSE
syn_tom_c_056,syn_tom_c_056.jpg,grade_c,C,QUEUED_PENDING_GENERATION_QUOTA,26.5,,TRUE,FALSE
syn_tom_c_057,syn_tom_c_057.jpg,grade_c,C,QUEUED_PENDING_GENERATION_QUOTA,28.0,,TRUE,FALSE
syn_tom_c_058,syn_tom_c_058.jpg,grade_c,C,QUEUED_PENDING_GENERATION_QUOTA,29.5,,TRUE,FALSE
syn_tom_c_059,syn_tom_c_059.jpg,grade_c,C,QUEUED_PENDING_GENERATION_QUOTA,31.0,,TRUE,FALSE
syn_tom_c_060,syn_tom_c_060.jpg,grade_c,C,QUEUED_PENDING_GENERATION_QUOTA,32.5,,TRUE,FALSE
syn_tom_c_061,syn_tom_c_061.jpg,grade_c,C,QUEUED_PENDING_GENERATION_QUOTA,16.0,,TRUE,FALSE
syn_tom_c_062,syn_tom_c_062.jpg,grade_c,C,QUEUED_PENDING_GENERATION_QUOTA,17.5,,TRUE,FALSE
syn_tom_c_063,syn_tom_c_063.jpg,grade_c,C,QUEUED_PENDING_GENERATION_QUOTA,19.0,,TRUE,FALSE
syn_tom_c_064,syn_tom_c_064.jpg,grade_c,C,QUEUED_PENDING_GENERATION_QUOTA,20.5,,TRUE,FALSE
syn_tom_c_065,syn_tom_c_065.jpg,grade_c,C,QUEUED_PENDING_GENERATION_QUOTA,22.0,,TRUE,FALSE
syn_tom_c_066,syn_tom_c_066.jpg,grade_c,C,QUEUED_PENDING_GENERATION_QUOTA,23.5,,TRUE,FALSE
syn_tom_c_067,syn_tom_c_067.jpg,grade_c,C,QUEUED_PENDING_GENERATION_QUOTA,25.0,,TRUE,FALSE
syn_tom_c_068,syn_tom_c_068.jpg,grade_c,C,QUEUED_PENDING_GENERATION_QUOTA,26.5,,TRUE,FALSE
syn_tom_c_069,syn_tom_c_069.jpg,grade_c,C,QUEUED_PENDING_GENERATION_QUOTA,28.0,,TRUE,FALSE
syn_tom_c_070,syn_tom_c_070.jpg,grade_c,C,QUEUED_PENDING_GENERATION_QUOTA,29.5,,TRUE,FALSE
syn_tom_c_071,syn_tom_c_071.jpg,grade_c,C,QUEUED_PENDING_GENERATION_QUOTA,31.0,,TRUE,FALSE
syn_tom_c_072,syn_tom_c_072.jpg,grade_c,C,QUEUED_PENDING_GENERATION_QUOTA,32.5,,TRUE,FALSE
syn_tom_c_073,syn_tom_c_073.jpg,grade_c,C,QUEUED_PENDING_GENERATION_QUOTA,16.0,,TRUE,FALSE
syn_tom_c_074,syn_tom_c_074.jpg,grade_c,C,QUEUED_PENDING_GENERATION_QUOTA,17.5,,TRUE,FALSE
syn_tom_c_075,syn_tom_c_075.jpg,grade_c,C,QUEUED_PENDING_GENERATION_QUOTA,19.0,,TRUE,FALSE
syn_tom_c_076,syn_tom_c_076.jpg,grade_c,C,QUEUED_PENDING_GENERATION_QUOTA,20.5,,TRUE,FALSE
syn_tom_c_077,syn_tom_c_077.jpg,grade_c,C,QUEUED_PENDING_GENERATION_QUOTA,22.0,,TRUE,FALSE
syn_tom_c_078,syn_tom_c_078.jpg,grade_c,C,QUEUED_PENDING_GENERATION_QUOTA,23.5,,TRUE,FALSE
syn_tom_c_079,syn_tom_c_079.jpg,grade_c,C,QUEUED_PENDING_GENERATION_QUOTA,25.0,,TRUE,FALSE
syn_tom_c_080,syn_tom_c_080.jpg,grade_c,C,QUEUED_PENDING_GENERATION_QUOTA,26.5,,TRUE,FALSE
syn_tom_c_081,syn_tom_c_081.jpg,grade_c,C,QUEUED_PENDING_GENERATION_QUOTA,28.0,,TRUE,FALSE
syn_tom_c_082,syn_tom_c_082.jpg,grade_c,C,QUEUED_PENDING_GENERATION_QUOTA,29.5,,TRUE,FALSE
syn_tom_c_083,syn_tom_c_083.jpg,grade_c,C,QUEUED_PENDING_GENERATION_QUOTA,31.0,,TRUE,FALSE
syn_tom_c_084,syn_tom_c_084.jpg,grade_c,C,QUEUED_PENDING_GENERATION_QUOTA,32.5,,TRUE,FALSE
syn_tom_c_085,syn_tom_c_085.jpg,grade_c,C,QUEUED_PENDING_GENERATION_QUOTA,16.0,,TRUE,FALSE
syn_tom_c_086,syn_tom_c_086.jpg,grade_c,C,QUEUED_PENDING_GENERATION_QUOTA,17.5,,TRUE,FALSE
syn_tom_c_087,syn_tom_c_087.jpg,grade_c,C,QUEUED_PENDING_GENERATION_QUOTA,19.0,,TRUE,FALSE
syn_tom_c_088,syn_tom_c_088.jpg,grade_c,C,QUEUED_PENDING_GENERATION_QUOTA,20.5,,TRUE,FALSE
syn_tom_c_089,syn_tom_c_089.jpg,grade_c,C,QUEUED_PENDING_GENERATION_QUOTA,22.0,,TRUE,FALSE
syn_tom_c_090,syn_tom_c_090.jpg,grade_c,C,QUEUED_PENDING_GENERATION_QUOTA,23.5,,TRUE,FALSE
syn_tom_c_091,syn_tom_c_091.jpg,grade_c,C,QUEUED_PENDING_GENERATION_QUOTA,25.0,,TRUE,FALSE
syn_tom_c_092,syn_tom_c_092.jpg,grade_c,C,QUEUED_PENDING_GENERATION_QUOTA,26.5,,TRUE,FALSE
syn_tom_c_093,syn_tom_c_093.jpg,grade_c,C,QUEUED_PENDING_GENERATION_QUOTA,28.0,,TRUE,FALSE
syn_tom_c_094,syn_tom_c_094.jpg,grade_c,C,QUEUED_PENDING_GENERATION_QUOTA,29.5,,TRUE,FALSE
syn_tom_c_095,syn_tom_c_095.jpg,grade_c,C,QUEUED_PENDING_GENERATION_QUOTA,31.0,,TRUE,FALSE
syn_tom_c_096,syn_tom_c_096.jpg,grade_c,C,QUEUED_PENDING_GENERATION_QUOTA,32.5,,TRUE,FALSE
syn_tom_c_097,syn_tom_c_097.jpg,grade_c,C,QUEUED_PENDING_GENERATION_QUOTA,16.0,,TRUE,FALSE
syn_tom_c_098,syn_tom_c_098.jpg,grade_c,C,QUEUED_PENDING_GENERATION_QUOTA,17.5,,TRUE,FALSE
syn_tom_c_099,syn_tom_c_099.jpg,grade_c,C,QUEUED_PENDING_GENERATION_QUOTA,19.0,,TRUE,FALSE
syn_tom_c_100,syn_tom_c_100.jpg,grade_c,C,QUEUED_PENDING_GENERATION_QUOTA,20.5,,TRUE,FALSE
syn_edge_001,syn_edge_001_blur.jpg,edge_cases,EDGE_CASE,VERIFIED_ON_DISK,0.0,458d529a899506a1dbf7c87f1a7691afe369fea0f709b9118cfd450e6a8c9d88,TRUE,TRUE
syn_edge_002,syn_edge_002_occlusion.jpg,edge_cases,EDGE_CASE,VERIFIED_ON_DISK,0.0,88c1dc065607a5eb4efc9269c18d1dd1d170cd79357fc9e95d908fe3c0acb3fd,TRUE,TRUE
syn_edge_003,syn_edge_003.jpg,edge_cases,EDGE_CASE,QUEUED_PENDING_GENERATION_QUOTA,5.1,,TRUE,FALSE
syn_edge_004,syn_edge_004.jpg,edge_cases,EDGE_CASE,QUEUED_PENDING_GENERATION_QUOTA,0.0,,TRUE,FALSE
syn_edge_005,syn_edge_005.jpg,edge_cases,EDGE_CASE,QUEUED_PENDING_GENERATION_QUOTA,0.0,,TRUE,FALSE
syn_edge_006,syn_edge_006.jpg,edge_cases,EDGE_CASE,QUEUED_PENDING_GENERATION_QUOTA,0.0,,TRUE,FALSE
syn_edge_007,syn_edge_007.jpg,edge_cases,EDGE_CASE,QUEUED_PENDING_GENERATION_QUOTA,0.0,,TRUE,FALSE
syn_edge_008,syn_edge_008.jpg,edge_cases,EDGE_CASE,QUEUED_PENDING_GENERATION_QUOTA,5.1,,TRUE,FALSE
syn_edge_009,syn_edge_009.jpg,edge_cases,EDGE_CASE,QUEUED_PENDING_GENERATION_QUOTA,0.0,,TRUE,FALSE
syn_edge_010,syn_edge_010.jpg,edge_cases,EDGE_CASE,QUEUED_PENDING_GENERATION_QUOTA,0.0,,TRUE,FALSE
syn_edge_011,syn_edge_011.jpg,edge_cases,EDGE_CASE,QUEUED_PENDING_GENERATION_QUOTA,0.0,,TRUE,FALSE
syn_edge_012,syn_edge_012.jpg,edge_cases,EDGE_CASE,QUEUED_PENDING_GENERATION_QUOTA,0.0,,TRUE,FALSE
syn_edge_013,syn_edge_013.jpg,edge_cases,EDGE_CASE,QUEUED_PENDING_GENERATION_QUOTA,5.1,,TRUE,FALSE
syn_edge_014,syn_edge_014.jpg,edge_cases,EDGE_CASE,QUEUED_PENDING_GENERATION_QUOTA,0.0,,TRUE,FALSE
syn_edge_015,syn_edge_015.jpg,edge_cases,EDGE_CASE,QUEUED_PENDING_GENERATION_QUOTA,0.0,,TRUE,FALSE
syn_edge_016,syn_edge_016.jpg,edge_cases,EDGE_CASE,QUEUED_PENDING_GENERATION_QUOTA,0.0,,TRUE,FALSE
syn_edge_017,syn_edge_017.jpg,edge_cases,EDGE_CASE,QUEUED_PENDING_GENERATION_QUOTA,0.0,,TRUE,FALSE
syn_edge_018,syn_edge_018.jpg,edge_cases,EDGE_CASE,QUEUED_PENDING_GENERATION_QUOTA,5.1,,TRUE,FALSE
syn_edge_019,syn_edge_019.jpg,edge_cases,EDGE_CASE,QUEUED_PENDING_GENERATION_QUOTA,0.0,,TRUE,FALSE
syn_edge_020,syn_edge_020.jpg,edge_cases,EDGE_CASE,QUEUED_PENDING_GENERATION_QUOTA,0.0,,TRUE,FALSE
